iter,stage,n_designs,S_wc,max_g
0,exact,4,1.9044613537466724,2.2345451766989317
