{
  "A": {
    "n": 480,
    "K_rule": 24,
    "S_wc": 1.3453624047036528
  },
  "B": {
    "n": 480,
    "K_rule": 24,
    "S_wc": 1.345362404704666
  }
}