K,lambda,Neff,converged,rel_err,iters,max_g
1,2.412166174746858e-12,9.999903944504501,False,9.605549549895897e-06,60,1.3453624047060928
2,2.412166174746858e-12,9.999903944504501,False,9.605549549895897e-06,60,1.3453624047060928
5,2.412166174746858e-12,9.999903944504501,False,9.605549549895897e-06,60,1.3453624047060928
10,2.412166174746858e-12,9.999903944504501,False,9.605549549895897e-06,60,1.3453624047060928
15,2.412166174746858e-12,9.999903944504501,False,9.605549549895897e-06,60,1.3453624047060928
20,2.412166174746858e-12,9.999903944504501,False,9.605549549895897e-06,60,1.3453624047060928
50,2.412166174746858e-12,9.999903944504501,False,9.605549549895897e-06,60,1.3453624047060928
100,2.412166174746858e-12,9.999903944504501,False,9.605549549895897e-06,60,1.3453624047060928
