{
  "A": {
    "n": 144,
    "K_rule": 10,
    "S_wc": 1.3453624047032835
  },
  "B": {
    "n": 144,
    "K_rule": 10,
    "S_wc": 1.3453624047035546
  }
}