tier,K,S_wc
Tier2_Contested,1,1.3453624047060928
Tier2_Contested,2,1.3453624047060775
Tier2_Contested,5,1.3453624047057295
Tier2_Contested,10,1.3453624047047428
Tier2_Contested,15,1.3453624047033268
Tier2_Contested,20,1.3453624047007
Tier2_Contested,50,1.2206609313549837
Tier2_Contested,100,1.0603304656774921
